{"patternBoard":"[0,1,\"exit-vertex\",5,[2,1]]","mapping":"[[[0,0]],[[0,[1,0]],[0,[0.30901699437494745,0.9510565162951535]],[0,[-0.8090169943749473,0.5877852522924732]],[0,[-0.8090169943749476,-0.587785252292473]],[0,[0.30901699437494723,-0.9510565162951536]],[0,[1,-2.4492935982947064e-16]]],[[[0.30901699437494745,0.9510565162951535],[0,0],[1,0]],[[-0.8090169943749473,0.5877852522924732],[0,0],[0.30901699437494745,0.9510565162951535]],[[0.30901699437494723,-0.9510565162951536],[0,0],[-0.8090169943749476,-0.587785252292473]]],[[[0.30901699437494745,0.9510565162951535],[0,0],[1,0]],[[-0.8090169943749473,0.5877852522924732],[0,0],[0.30901699437494745,0.9510565162951535]],[[0.30901699437494723,-0.9510565162951536],[0,0],[-0.8090169943749476,-0.587785252292473]],[[1,0],[0,0],[0.5,-0.20336832153790008]],[[-0.8090169943749473,0.5877852522924732],[0,0],[-0.5240453973709251,0.12936419790456682]],[[-0.8090169943749476,-0.587785252292473],[0,0],[-0.5240453973709251,-0.12936419790456669]],[[0.30901699437494723,-0.9510565162951536],[0,0],[0.3479232645941015,-0.41268399067485706]]]]","rules":[{"input":{"redEdges":[5],"sectorsNotOne":[1,2],"sectorsNotTwo":[0]},"output":{"redEdges":[0,5],"sectorsNotOne":[1,2]}},{"input":{"redEdges":[5],"sectorsNotOne":[2],"sectorsNotTwo":[0,1]},"output":{"redEdges":[1,5],"sectorsNotOne":[2]}}]}