{"patternBoard":"[0,1,\"exit-vertex\",4,[3]]","mapping":"[[[0,0]],[[0,[1,0]],[0,[6.123233995736766e-17,1]],[0,[-1,1.2246467991473532e-16]],[0,[-1.8369701987210297e-16,-1]],[0,[1,-2.4492935982947064e-16]]],[[[6.123233995736766e-17,1],[0,0],[1,0]],[[-1,1.2246467991473532e-16],[0,0],[6.123233995736766e-17,1]],[[-1.8369701987210297e-16,-1],[0,0],[-1,1.2246467991473532e-16]]],[[[6.123233995736766e-17,1],[0,0],[1,0]],[[-1,1.2246467991473532e-16],[0,0],[6.123233995736766e-17,1]],[[-1.8369701987210297e-16,-1],[0,0],[-1,1.2246467991473532e-16]],[[1,0],[0,0],[0.5,-0.24999999999999997]],[[-1.8369701987210297e-16,-1],[0,0],[0.2499999999999999,-0.5]]]]","rules":[{"input":{"redEdges":[4],"sectorsNotZero":[1],"sectorsNotTwo":[0]},"output":{"redEdges":[4],"sectorsNotZero":[1,2],"sectorsNotTwo":[0]}},{"input":{"sectorsNotOne":[0,2],"sectorsOnlyOne":[1]},"output":{"redEdges":[4],"sectorsNotOne":[0,2],"sectorsOnlyOne":[1]}},{"input":{"sectorsNotOne":[2],"sectorsNotTwo":[0],"sectorsOnlyOne":[1]},"output":{"redEdges":[0],"sectorsNotOne":[2],"sectorsOnlyOne":[1]}}]}