{"patternBoard":"[0,5,\"faces\",[[0,1,2],[0,3,4,1]]]","mapping":"[[[-0.7598356856515947,-9.373189701580478e-18],[0,-1.3160740129524955],[0.7598356856515947,-9.373189701580478e-18],[-2.0759096986040895,-0.7598356856515947],[-1.3160740129524957,-2.075909698604089]],[[0,1],[1,2],[0,2],[0,3],[3,4],[1,4]],[[[-0.7598356856515947,-9.373189701580478e-18],[0,-1.3160740129524955],[0.7598356856515947,-9.373189701580478e-18]],[[0,-1.3160740129524955],[0.7598356856515947,-9.373189701580478e-18],[-0.7598356856515947,-9.373189701580478e-18]],[[0.7598356856515947,-9.373189701580478e-18],[-0.7598356856515947,-9.373189701580478e-18],[0,-1.3160740129524955]],[[-0.7598356856515947,-9.373189701580478e-18],[-2.0759096986040895,-0.7598356856515947],[-1.3160740129524957,-2.075909698604089]],[[-2.0759096986040895,-0.7598356856515947],[-1.3160740129524957,-2.075909698604089],[0,-1.3160740129524955]],[[-1.3160740129524957,-2.075909698604089],[0,-1.3160740129524955],[-0.7598356856515947,-9.373189701580478e-18]],[[0,-1.3160740129524955],[-0.7598356856515947,-9.373189701580478e-18],[-2.0759096986040895,-0.7598356856515947]]],[[[-0.7598356856515947,-9.373189701580478e-18],[0,-1.3160740129524955],[0.7598356856515947,-9.373189701580478e-18]],[[-0.7598356856515947,-9.373189701580478e-18],[-2.0759096986040895,-0.7598356856515947],[-1.3160740129524957,-2.075909698604089],[0,-1.3160740129524955]],[[0,-1.3160740129524955],[0.7598356856515947,-9.373189701580478e-18],[0.7089363460639211,-0.8479959278891464]],[[-0.7598356856515947,-9.373189701580478e-18],[0.7598356856515947,-9.373189701580478e-18],[0,0.21934566882541587]],[[-0.7598356856515947,-9.373189701580478e-18],[-2.0759096986040895,-0.7598356856515947],[-1.5275455265405498,-0.18995892141289866]],[[-2.0759096986040895,-0.7598356856515947],[-1.3160740129524957,-2.075909698604089],[-1.8859507771911912,-1.5275455265405493]],[[0,-1.3160740129524955],[-1.3160740129524957,-2.075909698604089],[-0.5483641720635399,-1.8859507771911912]]]]","rules":[{"input":{"faceValues":[{"face":1,"value":3}]},"output":{"faceValues":[{"face":1,"value":3}],"sectorsNotZero":[3,4,5,6],"sectorsNotTwo":[1]}},{"input":{"faceValues":[{"face":1,"value":2}],"blackEdges":[0],"redEdges":[4]},"output":{"faceValues":[{"face":1,"value":2}],"blackEdges":[0],"redEdges":[4],"sectorsNotTwo":[1]}},{"input":{"faceValues":[{"face":1,"value":2}],"redEdges":[6,7]},"output":{"faceValues":[{"face":1,"value":2}],"redEdges":[6,7],"sectorsNotZero":[1]}},{"input":{"faceValues":[{"face":1,"value":2}],"redEdges":[6],"sectorsNotOne":[1]},"output":{"faceValues":[{"face":1,"value":2}],"redEdges":[6],"sectorsNotZero":[3],"sectorsNotOne":[1],"sectorsNotTwo":[5]}},{"input":{"faceValues":[{"face":1,"value":2}],"redEdges":[7],"sectorsNotTwo":[0]},"output":{"faceValues":[{"face":1,"value":2}],"redEdges":[7],"sectorsNotZero":[4],"sectorsNotTwo":[0,6]}},{"input":{"blackEdges":[4],"redEdges":[6],"sectorsNotOne":[1]},"output":{"blackEdges":[4],"redEdges":[6],"sectorsNotOne":[1],"sectorsNotTwo":[5]}},{"input":{"blackEdges":[4],"redEdges":[7],"sectorsNotTwo":[0]},"output":{"blackEdges":[4],"redEdges":[7],"sectorsNotTwo":[0,6]}},{"input":{"sectorsNotZero":[1],"sectorsNotTwo":[0]},"output":{"sectorsNotZero":[1],"sectorsNotTwo":[0,6]}},{"input":{"redEdges":[6,7],"sectorsNotOne":[1]},"output":{"redEdges":[6,7],"sectorsNotOne":[1],"sectorsNotTwo":[3,4]}},{"input":{"redEdges":[6,7],"sectorsNotOne":[3]},"output":{"redEdges":[6,7],"sectorsNotOne":[3],"sectorsNotTwo":[4]}},{"input":{"blackEdges":[5],"redEdges":[6,7],"sectorsOnlyOne":[0]},"output":{"blackEdges":[5],"redEdges":[6,7],"sectorsNotTwo":[3],"sectorsOnlyOne":[0]}},{"input":{"redEdges":[6],"sectorsNotOne":[1,3]},"output":{"redEdges":[6],"sectorsNotOne":[1,3],"sectorsNotTwo":[4,5]}},{"input":{"redEdges":[7],"sectorsNotOne":[1,3]},"output":{"redEdges":[7],"sectorsNotOne":[1,3],"sectorsNotTwo":[4,6]}},{"input":{"redEdges":[7],"sectorsNotOne":[3],"sectorsNotTwo":[0]},"output":{"redEdges":[7],"sectorsNotOne":[3],"sectorsNotTwo":[0,6]}},{"input":{"redEdges":[6],"sectorsNotOne":[3],"sectorsNotTwo":[2]},"output":{"redEdges":[6],"sectorsNotOne":[3],"sectorsNotTwo":[2,5]}},{"input":{"redEdges":[7],"sectorsNotOne":[1],"sectorsNotTwo":[5]},"output":{"redEdges":[7],"sectorsNotOne":[1],"sectorsNotTwo":[5,6]}},{"input":{"blackEdges":[4],"redEdges":[6],"sectorsNotTwo":[2],"sectorsOnlyOne":[5]},"output":{"blackEdges":[4],"redEdges":[6],"sectorsNotTwo":[1,2],"sectorsOnlyOne":[5]}},{"input":{"redEdges":[6],"sectorsNotZero":[0],"sectorsNotOne":[3]},"output":{"redEdges":[6],"sectorsNotZero":[0],"sectorsNotOne":[3],"sectorsNotTwo":[4]}},{"input":{"redEdges":[7],"sectorsNotZero":[2],"sectorsNotOne":[3]},"output":{"redEdges":[7],"sectorsNotZero":[2],"sectorsNotOne":[3],"sectorsNotTwo":[4]}},{"input":{"blackEdges":[5],"redEdges":[7],"sectorsNotZero":[2],"sectorsOnlyOne":[0]},"output":{"blackEdges":[5],"redEdges":[7],"sectorsNotZero":[2],"sectorsNotTwo":[3],"sectorsOnlyOne":[0]}},{"input":{"redEdges":[7],"sectorsNotTwo":[1,5]},"output":{"redEdges":[7],"sectorsNotTwo":[1,2,5]}},{"input":{"redEdges":[7],"sectorsNotZero":[2],"sectorsNotTwo":[5]},"output":{"redEdges":[7],"sectorsNotZero":[1,2],"sectorsNotTwo":[5]}},{"input":{"redEdges":[6,7],"sectorsOnlyOne":[1,3]},"output":{"redEdges":[6,7],"sectorsNotOne":[4],"sectorsOnlyOne":[1,3]}},{"input":{"redEdges":[6,7],"sectorsOnlyOne":[3,4]},"output":{"redEdges":[6,7],"sectorsNotOne":[1],"sectorsOnlyOne":[3,4]}},{"input":{"faceValues":[{"face":1,"value":2}],"redEdges":[6],"sectorsNotZero":[0],"sectorsNotTwo":[1]},"output":{"faceValues":[{"face":1,"value":2}],"redEdges":[6],"sectorsNotZero":[0,5],"sectorsNotTwo":[1,3]}},{"input":{"blackEdges":[4],"redEdges":[6],"sectorsNotZero":[5],"sectorsNotTwo":[0]},"output":{"blackEdges":[4],"redEdges":[6],"sectorsNotZero":[5],"sectorsNotTwo":[0,1]}},{"input":{"redEdges":[6,7],"sectorsNotOne":[4],"sectorsOnlyOne":[3]},"output":{"redEdges":[6,7],"sectorsNotOne":[4],"sectorsOnlyOne":[1,3]}},{"input":{"sectorsNotZero":[4],"sectorsNotOne":[1,3]},"output":{"sectorsNotZero":[4],"sectorsNotOne":[1,3],"sectorsNotTwo":[0,2]}},{"input":{"sectorsNotZero":[4],"sectorsNotOne":[3],"sectorsNotTwo":[5]},"output":{"sectorsNotZero":[4],"sectorsNotOne":[3],"sectorsNotTwo":[2,5]}},{"input":{"sectorsNotZero":[3],"sectorsNotOne":[4],"sectorsNotTwo":[5]},"output":{"sectorsNotZero":[3],"sectorsNotOne":[4],"sectorsNotTwo":[2,5]}},{"input":{"sectorsNotZero":[0,2],"sectorsNotOne":[3]},"output":{"sectorsNotZero":[0,2],"sectorsNotOne":[3],"sectorsNotTwo":[4]}},{"input":{"sectorsNotZero":[1,4],"sectorsNotTwo":[3]},"output":{"sectorsNotZero":[1,4],"sectorsNotTwo":[3,6]}},{"input":{"blackEdges":[4],"sectorsNotZero":[5,6],"sectorsNotTwo":[0]},"output":{"blackEdges":[4],"sectorsNotZero":[5,6],"sectorsNotTwo":[0,1]}},{"input":{"redEdges":[6],"sectorsNotOne":[5],"sectorsNotTwo":[1],"sectorsOnlyOne":[0]},"output":{"redEdges":[6],"sectorsNotOne":[5],"sectorsNotTwo":[1,3],"sectorsOnlyOne":[0]}},{"input":{"redEdges":[6],"sectorsNotOne":[3],"sectorsNotTwo":[2],"sectorsOnlyOne":[5]},"output":{"redEdges":[6],"sectorsNotZero":[4],"sectorsNotOne":[3],"sectorsNotTwo":[1,2],"sectorsOnlyOne":[5]}},{"input":{"redEdges":[6],"sectorsNotOne":[4],"sectorsNotTwo":[2],"sectorsOnlyOne":[5]},"output":{"redEdges":[6],"sectorsNotZero":[3],"sectorsNotOne":[4],"sectorsNotTwo":[1,2],"sectorsOnlyOne":[5]}},{"input":{"redEdges":[6],"sectorsNotOne":[1],"sectorsNotTwo":[6],"sectorsOnlyOne":[5]},"output":{"redEdges":[6],"sectorsNotOne":[1],"sectorsNotTwo":[3,6],"sectorsOnlyOne":[5]}},{"input":{"blackEdges":[0],"sectorsNotZero":[1,3,4]},"output":{"blackEdges":[0,4],"sectorsNotZero":[1]}},{"input":{"faceValues":[{"face":1,"value":2}],"redEdges":[4],"sectorsNotZero":[5,6],"sectorsNotOne":[1]},"output":{"faceValues":[{"face":1,"value":2}],"redEdges":[4],"sectorsNotZero":[5,6],"sectorsNotOne":[1],"sectorsNotTwo":[0,2]}},{"input":{"blackEdges":[4],"redEdges":[6,7],"sectorsNotTwo":[2,5]},"output":{"blackEdges":[4],"redEdges":[6,7],