{"patternBoard":"[0,7,\"faces\",[[0,1,2],[3,0,4],[5,6,0]]]","mapping":"[[[0,0],[0.7598356856515962,1.316074012952497],[-0.7598356856515962,1.316074012952497],[-0.7598356856515962,-1.316074012952497],[-1.5196713713031924,0],[0.7598356856515962,-1.316074012952497],[1.5196713713031924,0]],[[0,1],[1,2],[0,2],[0,3],[0,4],[3,4],[5,6],[0,6],[0,5]],[[[0,0],[0.7598356856515962,1.316074012952497],[-0.7598356856515962,1.316074012952497]],[[0.7598356856515962,1.316074012952497],[-0.7598356856515962,1.316074012952497],[0,0]],[[-0.7598356856515962,1.316074012952497],[0,0],[0.7598356856515962,1.316074012952497]],[[-0.7598356856515962,-1.316074012952497],[0,0],[-1.5196713713031924,0]],[[0,0],[-1.5196713713031924,0],[-0.7598356856515962,-1.316074012952497]],[[-1.5196713713031924,0],[-0.7598356856515962,-1.316074012952497],[0,0]],[[0.7598356856515962,-1.316074012952497],[1.5196713713031924,0],[0,0]],[[1.5196713713031924,0],[0,0],[0.7598356856515962,-1.316074012952497]],[[0,0],[0.7598356856515962,-1.316074012952497],[1.5196713713031924,0]]],[[[0,0],[0.7598356856515962,1.316074012952497],[-0.7598356856515962,1.316074012952497]],[[-0.7598356856515962,-1.316074012952497],[0,0],[-1.5196713713031924,0]],[[0.7598356856515962,-1.316074012952497],[1.5196713713031924,0],[0,0]],[[0,0],[0.7598356856515962,1.316074012952497],[0.569876764238697,0.5483641720635404]],[[0.7598356856515962,1.316074012952497],[-0.7598356856515962,1.316074012952497],[0,1.535419681777913]],[[0,0],[-0.7598356856515962,1.316074012952497],[-0.569876764238697,0.5483641720635404]],[[0,0],[-0.7598356856515962,-1.316074012952497],[-0.18995892141289905,-0.7677098408889567]],[[0,0],[-1.5196713713031924,0],[-0.7598356856515962,0.21934566882541615]],[[-0.7598356856515962,-1.316074012952497],[-1.5196713713031924,0],[-1.3297124498902935,-0.7677098408889566]],[[0.7598356856515962,-1.316074012952497],[1.5196713713031924,0],[1.3297124498902935,-0.7677098408889566]],[[0,0],[1.5196713713031924,0],[0.7598356856515962,0.21934566882541615]],[[0,0],[0.7598356856515962,-1.316074012952497],[0.18995892141289905,-0.7677098408889567]]]]","rules":[{"input":{"faceValues":[{"face":2,"value":1}],"redEdges":[9,10,11,12,13]},"output":{"faceValues":[{"face":2,"value":1}],"blackEdges":[6],"redEdges":[7,8,9,10,11,12,13]}},{"input":{"redEdges":[7,9,10,11,12,13]},"output":{"redEdges":[7,8,9,10,11,12,13]}}]}