{"patternBoard":"[0,6,\"faces\",[[0,1,2],[3,0,4,5]]]","mapping":"[[[-0.7598356856515947,-9.373189701580478e-18],[0,-1.3160740129524955],[0.7598356856515947,-9.373189701580478e-18],[-2.0759096986040895,0.7598356856515947],[0,1.3160740129524953],[-1.3160740129524957,2.075909698604089]],[[0,1],[1,2],[0,2],[0,3],[0,4],[4,5],[3,5]],[[[-0.7598356856515947,-9.373189701580478e-18],[0,-1.3160740129524955],[0.7598356856515947,-9.373189701580478e-18]],[[0,-1.3160740129524955],[0.7598356856515947,-9.373189701580478e-18],[-0.7598356856515947,-9.373189701580478e-18]],[[0.7598356856515947,-9.373189701580478e-18],[-0.7598356856515947,-9.373189701580478e-18],[0,-1.3160740129524955]],[[-2.0759096986040895,0.7598356856515947],[-0.7598356856515947,-9.373189701580478e-18],[0,1.3160740129524953]],[[-0.7598356856515947,-9.373189701580478e-18],[0,1.3160740129524953],[-1.3160740129524957,2.075909698604089]],[[0,1.3160740129524953],[-1.3160740129524957,2.075909698604089],[-2.0759096986040895,0.7598356856515947]],[[-1.3160740129524957,2.075909698604089],[-2.0759096986040895,0.7598356856515947],[-0.7598356856515947,-9.373189701580478e-18]]],[[[-0.7598356856515947,-9.373189701580478e-18],[0,-1.3160740129524955],[0.7598356856515947,-9.373189701580478e-18]],[[-2.0759096986040895,0.7598356856515947],[-0.7598356856515947,-9.373189701580478e-18],[0,1.3160740129524953],[-1.3160740129524957,2.075909698604089]],[[-0.7598356856515947,-9.373189701580478e-18],[0,-1.3160740129524955],[-0.7089363460639211,-0.8479959278891462]],[[0,-1.3160740129524955],[0.7598356856515947,-9.373189701580478e-18],[0.7089363460639211,-0.8479959278891464]],[[-0.7598356856515947,-9.373189701580478e-18],[0.7598356856515947,-9.373189701580478e-18],[0,0.21934566882541587]],[[-0.7598356856515947,-9.373189701580478e-18],[-2.0759096986040895,0.7598356856515947],[-1.5275455265405498,0.18995892141289866]],[[-0.7598356856515947,-9.373189701580478e-18],[0,1.3160740129524953],[-0.18995892141289866,0.5483641720635397]],[[0,1.3160740129524953],[-1.3160740129524957,2.075909698604089],[-0.5483641720635399,1.8859507771911914]],[[-2.0759096986040895,0.7598356856515947],[-1.3160740129524957,2.075909698604089],[-1.8859507771911912,1.5275455265405493]]]]","rules":[{"input":{"faceValues":[{"face":0,"value":2},{"face":1,"value":3}]},"output":{"faceValues":[{"face":0,"value":2},{"face":1,"value":3}],"blackEdges":[1,5,6],"redEdges":[7,12]}},{"input":{"faceValues":[{"face":1,"value":3}],"blackEdges":[0]},"output":{"faceValues":[{"face":1,"value":3}],"blackEdges":[0,5,6],"redEdges":[2,7,12]}},{"input":{"faceValues":[{"face":0,"value":2}],"blackEdges":[3]},"output":{"faceValues":[{"face":0,"value":2}],"blackEdges":[1,3],"redEdges":[4,7]}},{"input":{"faceValues":[{"face":0,"value":1},{"face":1,"value":3}],"redEdges":[1]},"output":{"faceValues":[{"face":0,"value":1},{"face":1,"value":3}],"blackEdges":[5,6],"redEdges":[1,7,12]}},{"input":{"faceValues":[{"face":0,"value":2},{"face":1,"value":2}],"redEdges":[5]},"output":{"faceValues":[{"face":0,"value":2},{"face":1,"value":2}],"blackEdges":[1,6],"redEdges":[5,7]}},{"input":{"faceValues":[{"face":1,"value":2}],"blackEdges":[0],"redEdges":[5]},"output":{"faceValues":[{"face":1,"value":2}],"blackEdges":[0,6],"redEdges":[2,5,7]}},{"input":{"faceValues":[{"face":0,"value":1}],"blackEdges":[3],"redEdges":[1]},"output":{"faceValues":[{"face":0,"value":1}],"blackEdges":[3],"redEdges":[1,4,7]}},{"input":{"faceValues":[{"face":0,"value":1},{"face":1,"value":2}],"redEdges":[1,5]},"output":{"faceValues":[{"face":0,"value":1},{"face":1,"value":2}],"blackEdges":[6],"redEdges":[1,5,7]}},{"input":{"faceValues":[{"face":0,"value":2},{"face":1,"value":1}],"redEdges":[5,6]},"output":{"faceValues":[{"face":0,"value":2},{"face":1,"value":1}],"blackEdges":[1],"redEdges":[5,6,7]}},{"input":{"faceValues":[{"face":0,"value":2},{"face":1,"value":2}],"redEdges":[10]},"output":{"faceValues":[{"face":0,"value":2},{"face":1,"value":2}],"blackEdges":[1],"redEdges":[7,10]}},{"input":{"faceValues":[{"face":0,"value":2},{"face":1,"value":2}],"redEdges":[12]},"output":{"faceValues":[{"face":0,"value":2},{"face":1,"value":2}],"blackEdges":[5,6],"redEdges":[3,4,12]}},{"input":{"faceValues":[{"face":1,"value":1}],"blackEdges":[0],"redEdges":[5,6]},"output":{"faceValues":[{"face":1,"value":1}],"blackEdges":[0],"redEdges":[2,5,6,7]}},{"input":{"faceValues":[{"face":1,"value":2}],"blackEdges":[0],"redEdges":[10]},"output":{"faceValues":[{"face":1,"value":2}],"blackEdges":[0],"redEdges":[2,7,10]}},{"input":{"faceValues":[{"face":1,"value":2}],"blackEdges":[0],"redEdges":[12]},"output":{"faceValues":[{"face":1,"value":2}],"blackEdges":[0,5,6],"redEdges":[3,4,12]}},{"input":{"faceValues":[{"face":0,"value":2},{"face":1,"value":1}],"blackEdges":[1],"redEdges":[7]},"output":{"faceValues":[{"face":0,"value":2},{"face":1,"value":1}],"blackEdges":[1],"redEdges":[5,6,7]}},{"input":{"faceValues":[{"face":0,"value":1},{"face":1,"value":1}],"redEdges":[1,5,6]},"output":{"faceValues":[{"face":0,"value":1},{"face":1,"value":1}],"redEdges":[1,5,6,7]}},{"input":{"faceValues":[{"face":0,"value":1},{"face":1,"value":1}],"redEdges":[1,7]},"output":{"faceValues":[{"face":0,"value":1},{"face":1,"value":1}],"redEdges":[1,5,6,7]}},{"input":{"faceValues":[{"face":0,"value":1},{"face":1,"value":2}],"redEdges":[1,10]},"output":{"faceValues":[{"face":0,"value":1},{"face":1,"value":2}],"redEdges":[1,7,10]}},{"input":{"faceValues":[{"face":0,"value":1},{"face":1,"value":2}],"redEdges":[1,12]},"output":{"faceValues":[{"face":0,"value":1},{"face":1,"value":2}],"blackEdges":[5,6],"redEdges":[1,3,4,12]}},{"input":{"faceValues":[{"face":1,"value":1}],"blackEdges":[0],"redEdges":[2,7]},"output":{"faceValues":[{"face":1,"value":1}],"blackEdges":[0],"redEdges":[2,5,6,7]}},{"input":{"faceValues":[{"face":0,"value":1}],"blackEdges":[3],"redEdges":[4,7]},"output":{"faceValues":[{"face":0,"value":1}],"blackEdges":[3],"redEdges":[1,4,7]}},{"input":{"faceValues":[{"face":0,"value":2}],"blackEdges":[1],"redEdges":[3,7]},"output":{"faceValues":[{"face":0,"value":2}],"blackEdges":[1,4],"redEdges":[3,7]}},{"input":{"faceValues":[{"face":0,"value":1}],"redEdges":[1,3,7]},"output":{"faceValues":[{"face":0,"value":1}],"blackEdges":[4],"redEdges":[1,3,7]}},{"input":{"faceValues":[{"face":1,"value":3}],"redEdges":[8,9]},"output":{"faceValues":[{"face":1,"value":3}],"redEdges":[0,1,2,8,9]}},{"input":{"faceValues":[{"face":0,"value":2},{"face":1,"value":2}],"blackEdges":[1,5],"redEdges":[7]},"output":{"faceValues":[{"face":0,"value":2},{"face":1,"value":2}],"blackEdges":[1,5],"redEdges":[6,7]}},{"input":{"faceValues":[{"face":0,"value":1},{"face":1,"value":2}],"blackEdges":[5],"redEdges":[1,7]},"output":{"faceValues":[{"face":0,"value":1},{"face":1,"value":2}],"blackEdges":[5],"redEdges":[1,6,7]}},{"input":{"faceValues":[{"face":0,"value":1},{"face":1,"value":2}],"blackEdges":[5],"redEdges":[6,7]},"output":{"faceValues":[{"face":0,"value":1},{"face":1,"value":2}],"blackEdges":[5],"redEdges":[1,6,7]}},{"input":{"faceValues":[{"face":0,"value":1},{"face":1,"value":1}],"redEdges":[5,6,7]},"output":{"faceValues":[{"face":0,"value":1},{"face":1,"value":1}],"redEdges":[1,5,6,7]}},{"input":{"blackEdges":[3],"redEdges":[8,9]},"output":{"blackEdges":[3],"redEdges":[0,1,2,8,9]}},{"input":{"faceValues":[{"face":0,"value":1},{"face":1,"value":2}],"redEdges":[7,10]},"output":{"faceValues":[{"face":0,"value":1},{"face":1,"value":2}],"redEdges":[1,7,10]}},{"input":{"faceValues":[{"face":0,"value":1},{"face":1,"value":2}],"redEdges":[7,12]},"output":{"faceValues":[{"face":0,"value":1},{"face":1,"value":2}],"blackEdges":[1],"redEdges":[0,2,7,12]}},{"input":{"faceValues":[{"face":1,"value":2}],"blackEdges":[0,5],"redEdges":[2,7]},"output":{"faceValues":[{"face":1,"value":2}],"blackEdges":[0,5],"redEdges":[2,6,7]}},{"input":{"faceValues":[{"face":1,"value":2}],"blackEdges":[5],"redEdges":[0,6,7]},"output":{"faceValues":[{"face":1,"value":2}],"blackEdges":[2,5],