{"patternBoard":"[0,7,\"faces\",[[0,1,2],[3,0,4],[5,6,1]]]","mapping":"[[[0,0],[0.7598356856515962,1.316074012952497],[-0.7598356856515962,1.316074012952497],[-0.7598356856515962,-1.316074012952497],[-1.5196713713031924,0],[1.5196713713031924,0],[2.2795070569547886,1.316074012952497]],[[0,1],[1,2],[0,2],[0,3],[0,4],[3,4],[5,6],[1,6],[1,5]],[[[0,0],[0.7598356856515962,1.316074012952497],[-0.7598356856515962,1.316074012952497]],[[0.7598356856515962,1.316074012952497],[-0.7598356856515962,1.316074012952497],[0,0]],[[-0.7598356856515962,1.316074012952497],[0,0],[0.7598356856515962,1.316074012952497]],[[-0.7598356856515962,-1.316074012952497],[0,0],[-1.5196713713031924,0]],[[0,0],[-1.5196713713031924,0],[-0.7598356856515962,-1.316074012952497]],[[-1.5196713713031924,0],[-0.7598356856515962,-1.316074012952497],[0,0]],[[1.5196713713031924,0],[2.2795070569547886,1.316074012952497],[0.7598356856515962,1.316074012952497]],[[2.2795070569547886,1.316074012952497],[0.7598356856515962,1.316074012952497],[1.5196713713031924,0]],[[0.7598356856515962,1.316074012952497],[1.5196713713031924,0],[2.2795070569547886,1.316074012952497]]],[[[0,0],[0.7598356856515962,1.316074012952497],[-0.7598356856515962,1.316074012952497]],[[-0.7598356856515962,-1.316074012952497],[0,0],[-1.5196713713031924,0]],[[1.5196713713031924,0],[2.2795070569547886,1.316074012952497],[0.7598356856515962,1.316074012952497]],[[0,0],[0.7598356856515962,1.316074012952497],[0.569876764238697,0.5483641720635404]],[[0.7598356856515962,1.316074012952497],[-0.7598356856515962,1.316074012952497],[0,1.535419681777913]],[[0,0],[-0.7598356856515962,1.316074012952497],[-0.569876764238697,0.5483641720635404]],[[0,0],[-0.7598356856515962,-1.316074012952497],[-0.18995892141289905,-0.7677098408889567]],[[0,0],[-1.5196713713031924,0],[-0.7598356856515962,0.21934566882541615]],[[-0.7598356856515962,-1.316074012952497],[-1.5196713713031924,0],[-1.3297124498902935,-0.7677098408889566]],[[1.5196713713031924,0],[2.2795070569547886,1.316074012952497],[2.0895481355418895,0.5483641720635404]],[[0.7598356856515962,1.316074012952497],[2.2795070569547886,1.316074012952497],[1.519671371303192,1.5354196817779129]],[[0.7598356856515962,1.316074012952497],[1.5196713713031924,0],[0.9497946070644951,0.5483641720635404]]]]","rules":[{"input":{"faceValues":[{"face":1,"value":2},{"face":2,"value":2}],"blackEdges":[5],"redEdges":[9,11]},"output":{"faceValues":[{"face":1,"value":2},{"face":2,"value":2}],"blackEdges":[5,6],"redEdges":[9,10,11]}},{"input":{"faceValues":[{"face":1,"value":1},{"face":2,"value":2}],"redEdges":[5,9,11]},"output":{"faceValues":[{"face":1,"value":1},{"face":2,"value":2}],"blackEdges":[6],"redEdges":[5,9,10,11]}},{"input":{"faceValues":[{"face":2,"value":2}],"blackEdges":[3,6],"redEdges":[10,11]},"output":{"faceValues":[{"face":2,"value":2}],"blackEdges":[3,6],"redEdges":[4,9,10,11]}},{"input":{"faceValues":[{"face":2,"value":1}],"blackEdges":[3],"redEdges":[6,10,11]},"output":{"faceValues":[{"face":2,"value":1}],"blackEdges":[3],"redEdges":[4,6,9,10,11]}},{"input":{"faceValues":[{"face":2,"value":2}],"blackEdges":[3],"redEdges":[4,9,11]},"output":{"faceValues":[{"face":2,"value":2}],"blackEdges":[3,6],"redEdges":[4,9,10,11]}},{"input":{"blackEdges":[3,7],"redEdges":[4,9,11]},"output":{"blackEdges":[3,7],"redEdges":[4,8,9,10,11]}},{"input":{"faceValues":[{"face":1,"value":1},{"face":2,"value":2}],"blackEdges":[6],"redEdges":[5,10,11]},"output":{"faceValues":[{"face":1,"value":1},{"face":2,"value":2}],"blackEdges":[6],"redEdges":[5,9,10,11]}},{"input":{"faceValues":[{"face":1,"value":1},{"face":2,"value":1}],"redEdges":[5,6,9,11]},"output":{"faceValues":[{"face":1,"value":1},{"face":2,"value":1}],"redEdges":[5,6,9,10,11]}},{"input":{"faceValues":[{"face":2,"value":1}],"blackEdges":[3],"redEdges":[4,6,9,11]},"output":{"faceValues":[{"face":2,"value":1}],"blackEdges":[3],"redEdges":[4,6,9,10,11]}},{"input":{"faceValues":[{"face":1,"value":1},{"face":2,"value":2}],"blackEdges":[6],"redEdges":[9,10,11]},"output":{"faceValues":[{"face":1,"value":1},{"face":2,"value":2}],"blackEdges":[6],"redEdges":[5,9,10,11]}},{"input":{"faceValues":[{"face":1,"value":1},{"face":2,"value":1}],"redEdges":[5,9,10,11]},"output":{"faceValues":[{"face":1,"value":1},{"face":2,"value":1}],"redEdges":[5,6,9,10,11]}},{"input":{"faceValues":[{"face":2,"value":1}],"blackEdges":[3],"redEdges":[4,9,10,11]},"output":{"faceValues":[{"face":2,"value":1}],"blackEdges":[3],"redEdges":[4,6,9,10,11]}},{"input":{"faceValues":[{"face":2,"value":2}],"blackEdges":[6],"redEdges":[3,9,10,11]},"output":{"faceValues":[{"face":2,"value":2}],"blackEdges":[4,6],"redEdges":[3,9,10,11]}},{"input":{"faceValues":[{"face":2,"value":1}],"redEdges":[3,6,9,10,11]},"output":{"faceValues":[{"face":2,"value":1}],"blackEdges":[4],"redEdges":[3,6,9,10,11]}},{"input":{"blackEdges":[3],"redEdges":[4,7,9,10,11]},"output":{"blackEdges":[3,8],"redEdges":[4,7,9,10,11]}}]}