{"patternBoard":"[0,6,\"faces\",[[0,1,2],[3,0,4,5]]]","mapping":"[[[-0.7598356856515947,-9.373189701580478e-18],[0,-1.3160740129524955],[0.7598356856515947,-9.373189701580478e-18],[-2.0759096986040895,0.7598356856515947],[0,1.3160740129524953],[-1.3160740129524957,2.075909698604089]],[[0,1],[1,2],[0,2],[0,3],[0,4],[4,5],[3,5]],[[[-0.7598356856515947,-9.373189701580478e-18],[0,-1.3160740129524955],[0.7598356856515947,-9.373189701580478e-18]],[[0,-1.3160740129524955],[0.7598356856515947,-9.373189701580478e-18],[-0.7598356856515947,-9.373189701580478e-18]],[[0.7598356856515947,-9.373189701580478e-18],[-0.7598356856515947,-9.373189701580478e-18],[0,-1.3160740129524955]],[[-2.0759096986040895,0.7598356856515947],[-0.7598356856515947,-9.373189701580478e-18],[0,1.3160740129524953]],[[-0.7598356856515947,-9.373189701580478e-18],[0,1.3160740129524953],[-1.3160740129524957,2.075909698604089]],[[0,1.3160740129524953],[-1.3160740129524957,2.075909698604089],[-2.0759096986040895,0.7598356856515947]],[[-1.3160740129524957,2.075909698604089],[-2.0759096986040895,0.7598356856515947],[-0.7598356856515947,-9.373189701580478e-18]]],[[[-0.7598356856515947,-9.373189701580478e-18],[0,-1.3160740129524955],[0.7598356856515947,-9.373189701580478e-18]],[[-2.0759096986040895,0.7598356856515947],[-0.7598356856515947,-9.373189701580478e-18],[0,1.3160740129524953],[-1.3160740129524957,2.075909698604089]],[[-0.7598356856515947,-9.373189701580478e-18],[0,-1.3160740129524955],[-0.7089363460639211,-0.8479959278891462]],[[0,-1.3160740129524955],[0.7598356856515947,-9.373189701580478e-18],[0.7089363460639211,-0.8479959278891464]],[[-0.7598356856515947,-9.373189701580478e-18],[0.7598356856515947,-9.373189701580478e-18],[0,0.21934566882541587]],[[-0.7598356856515947,-9.373189701580478e-18],[-2.0759096986040895,0.7598356856515947],[-1.5275455265405498,0.18995892141289866]],[[-0.7598356856515947,-9.373189701580478e-18],[0,1.3160740129524953],[-0.18995892141289866,0.5483641720635397]],[[0,1.3160740129524953],[-1.3160740129524957,2.075909698604089],[-0.5483641720635399,1.8859507771911914]],[[-2.0759096986040895,0.7598356856515947],[-1.3160740129524957,2.075909698604089],[-1.8859507771911912,1.5275455265405493]]]]","rules":[{"input":{"faceValues":[{"face":0,"value":2},{"face":1,"value":3}]},"output":{"faceValues":[{"face":0,"value":2},{"face":1,"value":3}],"faceColorDualFeatures":[{"type":"face-color-dual","primaryFaces":[0],"secondaryFaces":[3],"sameColorPaths":[],"oppositeColorPaths":[[1]]},{"type":"face-color-dual","primaryFaces":[2],"secondaryFaces":[4],"sameColorPaths":[],"oppositeColorPaths":[[0,2]]},{"type":"face-color-dual","primaryFaces":[5],"secondaryFaces":[6],"sameColorPaths":[],"oppositeColorPaths":[[3,4]]},{"type":"face-color-dual","primaryFaces":[7,8],"secondaryFaces":[1],"sameColorPaths":[],"oppositeColorPaths":[[5],[6]]}]}},{"input":{"faceValues":[{"face":1,"value":3}],"faceColorDualFeatures":[{"type":"face-color-dual","primaryFaces":[0],"secondaryFaces":[2],"sameColorPaths":[],"oppositeColorPaths":[[0]]}]},"output":{"faceValues":[{"face":1,"value":3}],"faceColorDualFeatures":[{"type":"face-color-dual","primaryFaces":[2],"secondaryFaces":[4,0],"sameColorPaths":[[2]],"oppositeColorPaths":[[0]]},{"type":"face-color-dual","primaryFaces":[5],"secondaryFaces":[6],"sameColorPaths":[],"oppositeColorPaths":[[3,4]]},{"type":"face-color-dual","primaryFaces":[7,8],"secondaryFaces":[1],"sameColorPaths":[],"oppositeColorPaths":[[5],[6]]}]}},{"input":{"faceValues":[{"face":1,"value":3}],"faceColorDualFeatures":[{"type":"face-color-dual","primaryFaces":[2,4],"secondaryFaces":[],"sameColorPaths":[[0,2]],"oppositeColorPaths":[]}]},"output":{"faceValues":[{"face":1,"value":3}],"faceColorDualFeatures":[{"type":"face-color-dual","primaryFaces":[2,4,0],"secondaryFaces":[],"sameColorPaths":[[0],[2]],"oppositeColorPaths":[]}]}},{"input":{"faceValues":[{"face":1,"value":3}],"faceColorDualFeatures":[{"type":"face-color-dual","primaryFaces":[2],"secondaryFaces":[4],"sameColorPaths":[],"oppositeColorPaths":[[0,2]]}]},"output":{"faceValues":[{"face":1,"value":3}],"faceColorDualFeatures":[{"type":"face-color-dual","primaryFaces":[2],"secondaryFaces":[4],"sameColorPaths":[],"oppositeColorPaths":[[0,2]]},{"type":"face-color-dual","primaryFaces":[5],"secondaryFaces":[6],"sameColorPaths":[],"oppositeColorPaths":[[3,4]]},{"type":"face-color-dual","primaryFaces":[7,8],"secondaryFaces":[1],"sameColorPaths":[],"oppositeColorPaths":[[5],[6]]}]}},{"input":{"faceValues":[{"face":0,"value":2}],"faceColorDualFeatures":[{"type":"face-color-dual","primaryFaces":[1],"secondaryFaces":[5],"sameColorPaths":[],"oppositeColorPaths":[[3]]}]},"output":{"faceValues":[{"face":0,"value":2}],"faceColorDualFeatures":[{"type":"face-color-dual","primaryFaces":[0],"secondaryFaces":[3],"sameColorPaths":[],"oppositeColorPaths":[[1]]},{"type":"face-color-dual","primaryFaces":[2],"secondaryFaces":[4],"sameColorPaths":[],"oppositeColorPaths":[[0,2]]},{"type":"face-color-dual","primaryFaces":[5],"secondaryFaces":[6,1],"sameColorPaths":[[4]],"oppositeColorPaths":[[3]]}]}},{"input":{"faceValues":[{"face":0,"value":2}],"faceColorDualFeatures":[{"type":"face-color-dual","primaryFaces":[5,6],"secondaryFaces":[],"sameColorPaths":[[3,4]],"oppositeColorPaths":[]}]},"output":{"faceValues":[{"face":0,"value":2}],"faceColorDualFeatures":[{"type":"face-color-dual","primaryFaces":[5,6,1],"secondaryFaces":[],"sameColorPaths":[[3],[4]],"oppositeColorPaths":[]}]}},{"input":{"faceValues":[{"face":0,"value":2}],"faceColorDualFeatures":[{"type":"face-color-dual","primaryFaces":[5],"secondaryFaces":[6],"sameColorPaths":[],"oppositeColorPaths":[[3,4]]}]},"output":{"faceValues":[{"face":0,"value":2}],"faceColorDualFeatures":[{"type":"face-color-dual","primaryFaces":[0],"secondaryFaces":[3],"sameColorPaths":[],"oppositeColorPaths":[[1]]},{"type":"face-color-dual","primaryFaces":[2],"secondaryFaces":[4],"sameColorPaths":[],"oppositeColorPaths":[[0,2]]},{"type":"face-color-dual","primaryFaces":[5],"secondaryFaces":[6],"sameColorPaths":[],"oppositeColorPaths":[[3,4]]}]}},{"input":{"faceValues":[{"face":0,"value":2},{"face":1,"value":2}],"faceColorDualFeatures":[{"type":"face-color-dual","primaryFaces":[1,7],"secondaryFaces":[],"sameColorPaths":[[5]],"oppositeColorPaths":[]}]},"output":{"faceValues":[{"face":0,"value":2},{"face":1,"value":2}],"faceColorDualFeatures":[{"type":"face-color-dual","primaryFaces":[0],"secondaryFaces":[3],"sameColorPaths":[],"oppositeColorPaths":[[1]]},{"type":"face-color-dual","primaryFaces":[2],"secondaryFaces":[4],"sameColorPaths":[],"oppositeColorPaths":[[0,2]]},{"type":"face-color-dual","primaryFaces":[5],"secondaryFaces":[6],"sameColorPaths":[],"oppositeColorPaths":[[3,4]]},{"type":"face-color-dual","primaryFaces":[7,1],"secondaryFaces":[8],"sameColorPaths":[[5]],"oppositeColorPaths":[[6]]}]}},{"input":{"faceValues":[{"face":1,"value":2}],"faceColorDualFeatures":[{"type":"face-color-dual","primaryFaces":[0],"secondaryFaces":[2],"sameColorPaths":[],"oppositeColorPaths":[[0]]},{"type":"face-color-dual","primaryFaces":[1,7],"secondaryFaces":[],"sameColorPaths":[[5]],"oppositeColorPaths":[]}]},"output":{"faceValues":[{"face":1,"value":2}],"faceColorDualFeatures":[{"type":"face-color-dual","primaryFaces":[2],"secondaryFaces":[4,0],"sameColorPaths":[[2]],"oppositeColorPaths":[[0]]},{"type":"face-color-dual","primaryFaces":[5],"secondaryFaces":[6],"sameColorPaths":[],"oppositeColorPaths":[[3,4]]},{"type":"face-color-dual","primaryFaces":[7,1],"secondaryFaces":[8],"sameColorPaths":[[5]],"oppositeColorPaths":[[6]]}]}},{"input":{"faceValues":[{"face":1,"value":2}],"faceColorDualFeatures":[{"type":"face-color-dual","primaryFaces":[1,7],"secondaryFaces":[],"sameColorPaths":[[5]],"oppositeColorPaths":[]},{"type":"face-color-dual","primaryFaces":[2,4],"secondaryFaces":[],"sameColorPaths":[[0,2]],"oppositeColorPaths":[]}]},"output":{"faceValues":[{"face":1,"value":2}],"faceColorDualFeatures":[{"type":"face-color-dual","primaryFaces":[1,7],