{"patternBoard":"[1,0,\"non-exit-vertex\",5]","mapping":"[[[0,0]],[[0,[1,0]],[0,[0.30901699437494745,0.9510565162951535]],[0,[-0.8090169943749473,0.5877852522924732]],[0,[-0.8090169943749476,-0.587785252292473]],[0,[0.30901699437494723,-0.9510565162951536]]],[[[0.30901699437494745,0.9510565162951535],[0,0],[1,0]],[[-0.8090169943749473,0.5877852522924732],[0,0],[0.30901699437494745,0.9510565162951535]],[[-0.8090169943749476,-0.587785252292473],[0,0],[-0.8090169943749473,0.5877852522924732]],[[0.30901699437494723,-0.9510565162951536],[0,0],[-0.8090169943749476,-0.587785252292473]],[[1,0],[0,0],[0.30901699437494723,-0.9510565162951536]]],[[[0.30901699437494745,0.9510565162951535],[0,0],[1,0]],[[-0.8090169943749473,0.5877852522924732],[0,0],[0.30901699437494745,0.9510565162951535]],[[-0.8090169943749476,-0.587785252292473],[0,0],[-0.8090169943749473,0.5877852522924732]],[[0.30901699437494723,-0.9510565162951536],[0,0],[-0.8090169943749476,-0.587785252292473]],[[1,0],[0,0],[0.30901699437494723,-0.9510565162951536]]]]","rules":[{"input":{"redEdges":[1],"sectorsNotZero":[3],"sectorsNotTwo":[2]},"output":{"redEdges":[1],"sectorsNotZero":[3,4],"sectorsNotTwo":[2]}}]}