{"patternBoard":"[0,1,\"exit-vertex\",6,[1,1,1]]","mapping":"[[[0,0]],[[0,[1,0]],[0,[0.5000000000000001,0.8660254037844386]],[0,[-0.4999999999999998,0.8660254037844387]],[0,[-1,1.2246467991473532e-16]],[0,[-0.5000000000000004,-0.8660254037844384]],[0,[0.5000000000000001,-0.8660254037844386]],[0,[1,-2.4492935982947064e-16]]],[[[0.5000000000000001,0.8660254037844386],[0,0],[1,0]],[[-1,1.2246467991473532e-16],[0,0],[-0.4999999999999998,0.8660254037844387]],[[0.5000000000000001,-0.8660254037844386],[0,0],[-0.5000000000000004,-0.8660254037844384]]],[[[0.5000000000000001,0.8660254037844386],[0,0],[1,0]],[[-1,1.2246467991473532e-16],[0,0],[-0.4999999999999998,0.8660254037844387]],[[0.5000000000000001,-0.8660254037844386],[0,0],[-0.5000000000000004,-0.8660254037844384]],[[1,0],[0,0],[0.5,-0.17101007166283436]],[[0.5000000000000001,0.8660254037844386],[0,0],[0.10190093363698816,0.5185177377236365]],[[-0.4999999999999998,0.8660254037844387],[0,0],[-0.10190093363698796,0.5185177377236365]],[[-1,1.2246467991473532e-16],[0,0],[-0.5,-0.1710100716628343]],[[-0.5000000000000004,-0.8660254037844384],[0,0],[-0.39809906636301207,-0.34750766606080197]],[[0.5000000000000001,-0.8660254037844386],[0,0],[0.39809906636301196,-0.3475076660608021]]]]","rules":[{"input":{"redEdges":[6],"sectorsNotOne":[0,1],"faceColorDualFeatures":[{"type":"face-color-dual","primaryFaces":[3,4],"secondaryFaces":[],"sameColorPaths":[[0,1]],"oppositeColorPaths":[]},{"type":"face-color-dual","primaryFaces":[5,6],"secondaryFaces":[],"sameColorPaths":[[2,3]],"oppositeColorPaths":[]}]},"output":{"redEdges":[6],"sectorsNotOne":[0,1,2],"faceColorDualFeatures":[{"type":"face-color-dual","primaryFaces":[3,4],"secondaryFaces":[],"sameColorPaths":[[0,1]],"oppositeColorPaths":[]},{"type":"face-color-dual","primaryFaces":[5,6],"secondaryFaces":[],"sameColorPaths":[[2,3]],"oppositeColorPaths":[]},{"type":"face-color-dual","primaryFaces":[7,8],"secondaryFaces":[],"sameColorPaths":[[4,5]],"oppositeColorPaths":[]}]}}]}