{"patternBoard":"[1,0,\"non-exit-vertex\",4]","mapping":"[[[0,0]],[[0,[1,0]],[0,[6.123233995736766e-17,1]],[0,[-1,1.2246467991473532e-16]],[0,[-1.8369701987210297e-16,-1]]],[[[6.123233995736766e-17,1],[0,0],[1,0]],[[-1,1.2246467991473532e-16],[0,0],[6.123233995736766e-17,1]],[[-1.8369701987210297e-16,-1],[0,0],[-1,1.2246467991473532e-16]],[[1,0],[0,0],[-1.8369701987210297e-16,-1]]],[[[6.123233995736766e-17,1],[0,0],[1,0]],[[-1,1.2246467991473532e-16],[0,0],[6.123233995736766e-17,1]],[[-1.8369701987210297e-16,-1],[0,0],[-1,1.2246467991473532e-16]],[[1,0],[0,0],[-1.8369701987210297e-16,-1]]]]","rules":[{"input":{"redEdges":[0],"sectorsNotTwo":[1,2]},"output":{"redEdges":[0,2]}},{"input":{"sectorsNotZero":[2],"sectorsNotTwo":[0,1]},"output":{"sectorsNotZero":[2,3],"sectorsNotTwo":[0,1]}}]}