{"patternBoard":"[1,0,\"non-exit-vertex\",6]","mapping":"[[[0,0]],[[0,[1,0]],[0,[0.5000000000000001,0.8660254037844386]],[0,[-0.4999999999999998,0.8660254037844387]],[0,[-1,1.2246467991473532e-16]],[0,[-0.5000000000000004,-0.8660254037844384]],[0,[0.5000000000000001,-0.8660254037844386]]],[[[0.5000000000000001,0.8660254037844386],[0,0],[1,0]],[[-0.4999999999999998,0.8660254037844387],[0,0],[0.5000000000000001,0.8660254037844386]],[[-1,1.2246467991473532e-16],[0,0],[-0.4999999999999998,0.8660254037844387]],[[-0.5000000000000004,-0.8660254037844384],[0,0],[-1,1.2246467991473532e-16]],[[0.5000000000000001,-0.8660254037844386],[0,0],[-0.5000000000000004,-0.8660254037844384]],[[1,0],[0,0],[0.5000000000000001,-0.8660254037844386]]],[[[0.5000000000000001,0.8660254037844386],[0,0],[1,0]],[[-0.4999999999999998,0.8660254037844387],[0,0],[0.5000000000000001,0.8660254037844386]],[[-1,1.2246467991473532e-16],[0,0],[-0.4999999999999998,0.8660254037844387]],[[-0.5000000000000004,-0.8660254037844384],[0,0],[-1,1.2246467991473532e-16]],[[0.5000000000000001,-0.8660254037844386],[0,0],[-0.5000000000000004,-0.8660254037844384]],[[1,0],[0,0],[0.5000000000000001,-0.8660254037844386]]]]","rules":[{"input":{"redEdges":[2,5],"sectorsNotTwo":[0],"faceColorDualFeatures":[{"type":"face-color-dual","primaryFaces":[0],"secondaryFaces":[3],"sameColorPaths":[],"oppositeColorPaths":[[0,5,4]]}]},"output":{"redEdges":[2,5],"sectorsNotZero":[3],"sectorsNotTwo":[0],"faceColorDualFeatures":[{"type":"face-color-dual","primaryFaces":[0],"secondaryFaces":[3],"sameColorPaths":[],"oppositeColorPaths":[[0,5,4]]}]}}]}